,contractSymbol,lastTradeDate,strike,lastPrice,bid,ask,change,percentChange,volume,openInterest,impliedVolatility,inTheMoney,contractSize,currency
0,TSLA200925C00020000,2020-09-23 14:31:24,20.0,381.0,368.3,380.25,-24.320007,-6.000199,1.0,14,18.589847940673828,True,REGULAR,USD
1,TSLA200925C00040000,2020-09-21 04:08:52,40.0,388.0,347.3,359.5,0.0,0.0,1.0,2,12.253908591308594,True,REGULAR,USD
2,TSLA200925C00060000,2020-09-04 14:04:13,60.0,337.6,327.7,339.9,0.0,0.0,7.0,7,10.611331492919925,True,REGULAR,USD
3,TSLA200925C00080000,2020-09-08 15:49:09,80.0,274.07,307.1,319.3,0.0,0.0,2.0,1,8.164067397460938,True,REGULAR,USD
4,TSLA200925C00100000,2020-09-18 13:42:51,100.0,346.95,287.65,299.85,0.0,0.0,50.0,56,7.701172248535157,True,REGULAR,USD
5,TSLA200925C00180000,2020-09-21 15:16:41,180.0,248.42,207.1,219.1,0.0,0.0,7.0,62,4.066411166992188,True,REGULAR,USD
6,TSLA200925C00190000,2020-09-23 14:17:20,190.0,211.18,197.1,209.25,-43.820007,-17.184317,19.0,68,3.8750003125,True,REGULAR,USD
7,TSLA200925C00200000,2020-09-23 14:18:15,200.0,197.01,190.5,197.15,-24.990005,-11.256759,5.0,50,4.050786186523437,True,REGULAR,USD
8,TSLA200925C00210000,2020-09-21 17:42:26,210.0,235.0,180.5,189.25,0.0,0.0,5.0,32,4.2402390747070315,True,REGULAR,USD
9,TSLA200925C00220000,2020-09-22 14:56:24,220.0,199.9,170.5,179.5,0.0,0.0,1.0,32,4.010747174072266,True,REGULAR,USD
10,TSLA200925C00230000,2020-09-22 18:34:51,230.0,196.83,160.7,169.9,0.0,0.0,10.0,28,3.8408207104492185,True,REGULAR,USD
11,TSLA200925C00240000,2020-09-22 17:16:28,240.0,188.52,150.7,159.25,0.0,0.0,6.0,35,3.486329409179688,True,REGULAR,USD
12,TSLA200925C00242000,2020-09-23 14:33:09,242.0,161.19,148.7,157.25,-25.419998,-13.621991,3.0,20,3.437013126220703,True,REGULAR,USD
13,TSLA200925C00244000,2020-09-16 14:38:08,244.0,151.93,146.35,155.3,-50.770004,-25.04687,1.0,3,3.3422868005371087,True,REGULAR,USD
14,TSLA200925C00246000,2020-09-22 17:54:19,246.0,186.1,144.7,154.05,0.0,0.0,1.0,29,3.4531263671875,True,REGULAR,USD
15,TSLA200925C00248000,2020-09-16 17:52:09,248.0,199.73,142.75,152.05,0.0,0.0,40.0,26,3.410157724609375,True,REGULAR,USD
16,TSLA200925C00250000,2020-09-23 14:58:25,250.0,147.0,140.75,149.3,-34.800003,-19.141914,15.0,50,3.2568377954101564,True,REGULAR,USD
17,TSLA200925C00252000,2020-09-23 14:19:29,252.0,144.88,136.35,148.6,-51.369995,-26.175795,1.0,27,3.043459422607422,True,REGULAR,USD
18,TSLA200925C00254000,2020-09-23 14:19:29,254.0,142.91,136.75,145.3,-28.89,-16.816065,1.0,15,3.161623189697266,True,REGULAR,USD
19,TSLA200925C00256000,2020-09-16 17:52:05,256.0,186.1,134.75,143.4,0.0,0.0,50.0,28,3.128420147705078,True,REGULAR,USD
20,TSLA200925C00258000,2020-09-21 18:08:09,258.0,184.85,132.75,141.35,0.0,0.0,1.0,35,3.0742210644531247,True,REGULAR,USD
21,TSLA200925C00260000,2020-09-21 19:30:12,260.0,172.01,130.75,139.35,0.0,0.0,2.0,58,3.0278344616699218,True,REGULAR,USD
22,TSLA200925C00262000,2020-09-21 18:13:01,262.0,180.35,130.5,137.3,0.0,0.0,2.0,7,3.1914082714843746,True,REGULAR,USD
23,TSLA200925C00264000,2020-09-21 14:58:38,264.0,164.55,127.35,135.35,0.0,0.0,6.0,17,3.0117212207031248,True,REGULAR,USD
24,TSLA200925C00266000,2020-09-21 18:34:49,266.0,173.65,124.05,134.15,0.0,0.0,9.0,41,2.902346494140625,True,REGULAR,USD
25,TSLA200925C00268000,2020-09-21 18:27:58,268.0,175.4,122.85,131.6,0.0,0.0,8.0,18,2.8881863732910156,True,REGULAR,USD
26,TSLA200925C00270000,2020-09-21 16:35:21,270.0,165.95,122.05,129.9,0.0,0.0,5.0,58,3.0156274609375,True,REGULAR,USD
27,TSLA200925C00272000,2020-09-21 18:40:50,272.0,168.65,116.55,126.35,0.0,0.0,8.0,25,2.249027814941406,True,REGULAR,USD
28,TSLA200925C00274000,2020-09-21 15:51:25,274.0,165.45,116.75,125.35,0.0,0.0,5.0,40,2.7089876025390627,True,REGULAR,USD
29,TSLA200925C00276000,2020-09-21 17:03:12,276.0,167.85,114.75,123.2,0.0,0.0,4.0,76,2.6459994787597663,True,REGULAR,USD
30,TSLA200925C00278000,2020-09-21 17:44:17,278.0,167.45,114.55,121.95,0.0,0.0,14.0,53,2.883547713012695,True,REGULAR,USD
31,TSLA200925C00280000,2020-09-22 15:31:17,280.0,142.1,110.8,119.2,0.0,0.0,6.0,214,2.5639684338378905,True,REGULAR,USD
32,TSLA200925C00281000,2020-09-22 16:06:01,281.0,145.75,109.8,118.45,0.0,0.0,1.0,100,2.57178091430664,True,REGULAR,USD
33,TSLA200925C00282000,2020-09-22 14:51:52,282.0,143.8,114.0,117.4,0.0,0.0,3.0,63,3.05468986328125,True,REGULAR,USD
34,TSLA200925C00283000,2020-09-22 16:15:43,283.0,144.8,107.8,116.4,0.0,0.0,1.0,78,2.5219763513183593,True,REGULAR,USD
35,TSLA200925C00284000,2020-09-22 16:15:43,284.0,143.8,106.6,115.2,0.0,0.0,19.0,122,2.4531288671875,True,REGULAR,USD
36,TSLA200925C00285000,2020-09-21 17:36:17,285.0,162.84,105.6,114.65,0.0,0.0,20.0,98,2.4843787890625,True,REGULAR,USD
37,TSLA200925C00286000,2020-09-23 15:20:30,286.0,109.97,104.85,113.45,-29.630005,-21.224932,2.0,97,2.468265548095703,True,REGULAR,USD
38,TSLA200925C00287000,2020-09-23 13:30:49,287.0,118.1,100.9,110.55,-24.349998,-17.093716,2.0,50,1.5625021874999998,True,REGULAR,USD
39,TSLA200925C00288000,2020-09-23 13:30:49,288.0,117.12,102.8,112.0,-22.329994,-16.012905,2.0,78,2.479495988769531,True,REGULAR,USD
40,TSLA200925C00289000,2020-09-22 14:54:43,289.0,108.1,106.65,110.6,-28.849998,-21.066082,1.0,59,2.869143452148437,True,REGULAR,USD
41,TSLA200925C00290000,2020-09-23 13:32:32,290.0,117.61,99.85,109.0,-20.789993,-15.021671,10.0,240,2.209477132568359,True,REGULAR,USD
42,TSLA200925C00291000,2020-09-22 16:31:16,291.0,137.35,98.85,108.5,0.0,0.0,1.0,69,2.2509809350585934,True,REGULAR,USD
43,TSLA200925C00292000,2020-09-22 17:00:06,292.0,133.21,97.9,106.5,0.0,0.0,2.0,17,2.1098680065917965,True,REGULAR,USD
44,TSLA200925C00293000,2020-09-23 13:44:01,293.0,106.9,97.5,106.9,-21.700005,-16.874031,1.0,26,2.327885039672851,True,REGULAR,USD
45,TSLA200925C00294000,2020-09-22 19:00:55,294.0,132.8,96.1,105.0,0.0,0.0,16.0,10,2.1591842895507813,True,REGULAR,USD
46,TSLA200925C00295000,2020-09-22 16:58:54,295.0,110.0,95.1,103.0,-20.350006,-15.611818,1.0,15,2.00928232055664,True,REGULAR,USD
47,TSLA200925C00296000,2020-09-22 14:55:07,296.0,126.2,94.35,103.0,0.0,0.0,15.0,77,2.147953848876953,True,REGULAR,USD
48,TSLA200925C00297000,2020-09-22 15:00:54,297.0,126.25,92.75,102.0,0.0,0.0,1.0,61,2.0551806433105466,True,REGULAR,USD
49,TSLA200925C00298000,2020-09-22 17:51:58,298.0,134.8,91.6,101.5,0.0,0.0,4.0,47,2.0776415246582025,True,REGULAR,USD
50,TSLA200925C00299000,2020-09-22 18:45:10,299.0,129.9,90.8,99.0,0.0,0.0,6.0,26,1.8901372680664061,True,REGULAR,USD
51,TSLA200925C00300000,2020-09-23 14:30:42,300.0,103.27,90.3,98.75,-22.730003,-18.039684,53.0,739,2.031254921875,True,REGULAR,USD
52,TSLA200925C00301000,2020-09-21 16:09:10,301.0,143.0,89.8,98.0,0.0,0.0,11.0,41,2.0952196057128902,True,REGULAR,USD
53,TSLA200925C00302000,2020-09-22 18:43:29,302.0,126.85,87.65,97.0,0.0,0.0,6.0,52,1.9438479370117188,True,REGULAR,USD
54,TSLA200925C00303000,2020-09-18 16:58:26,303.0,123.85,86.6,96.0,0.0,0.0,1.0,24,1.9179691601562503,True,REGULAR,USD
55,TSLA200925C00304000,2020-09-21 19:44:12,304.0,143.0,86.35,94.5,0.0,0.0,14.0,49,1.9282230151367186,True,REGULAR,USD
56,TSLA200925C00305000,2020-09-23 13:54:48,305.0,90.75,85.75,92.45,-29.050003,-24.248749,1.0,76,1.829590695800781,True,REGULAR,USD
57,TSLA200925C00306000,2020-09-23 13:57:50,306.0,94.25,86.65,89.3,-40.460007,-30.034893,1.0,38,1.7778331420898437,True,REGULAR,USD
58,TSLA200925C00307000,2020-09-21 13:51:25,307.0,89.45,83.45,90.8,-53.0,-37.20604,1.0,48,1.7973642944335935,True,REGULAR,USD
59,TSLA200925C00308000,2020-09-23 13:57:50,308.0,92.75,84.9,86.1,-25.5,-21.564482,2.0,142,1.6040058862304685,True,REGULAR,USD
60,TSLA200925C00309000,2020-09-22 13:48:33,309.0,94.6,81.75,87.9,-24.0,-20.236088,6.0,72,1.681642216796875,True,REGULAR,USD
61,TSLA200925C00310000,2020-09-22 19:16:14,310.0,86.9,82.45,84.6,-28.099998,-24.43478,14.0,475,1.5766622729492186,True,REGULAR,USD
62,TSLA200925C00311000,2020-09-23 13:41:23,311.0,89.45,82.45,83.15,-26.0,-22.520573,17.0,53,1.6381854028320313,True,REGULAR,USD
63,TSLA200925C00312000,2020-09-23 13:54:30,312.0,84.53,82.0,82.8,-23.419998,-21.695229,6.0,84,1.7653820324707032,True,REGULAR,USD
64,TSLA200925C00313000,2020-09-22 13:47:59,313.0,83.2,79.75,83.05,-30.700005,-26.953472,7.0,86,1.74609501953125,True,REGULAR,USD
65,TSLA200925C00314000,2020-09-22 18:32:01,314.0,115.6,79.55,80.6,0.0,0.0,5.0,76,1.65234548828125,True,REGULAR,USD
66,TSLA200925C00315000,2020-09-23 15:04:48,315.0,82.2,75.7,83.4,-30.0,-26.737968,6.0,72,1.7390149768066405,True,REGULAR,USD
67,TSLA200925C00316000,2020-09-22 18:32:01,316.0,85.7,74.6,83.05,-27.950005,-24.593052,3.0,32,1.7746593298339843,True,REGULAR,USD
68,TSLA200925C00317000,2020-09-21 14:36:15,317.0,89.99,74.5,79.2,-21.160004,-19.03734,24.0,64,1.5415061987304686,True,REGULAR,USD
69,TSLA200925C00318000,2020-09-22 14:13:27,318.0,78.75,73.05,80.25,-36.35,-31.581232,2.0,86,1.7004409509277343,True,REGULAR,USD
70,TSLA200925C00319000,2020-09-23 14:25:41,319.0,80.6,74.6,77.15,-31.900002,-28.355558,10.0,82,1.7241224731445315,True,REGULAR,USD
71,TSLA200925C00320000,2020-09-23 15:16:02,320.0,75.4,71.95,78.45,-29.650002,-28.224657,52.0,860,1.763184777832031,True,REGULAR,USD
72,TSLA200925C00321000,2020-09-22 19:15:06,321.0,75.7,72.6,73.25,-29.030006,-27.718903,8.0,30,1.486330693359375,True,REGULAR,USD
73,TSLA200925C00322000,2020-09-23 14:18:00,322.0,76.45,71.5,71.95,-28.850006,-27.397915,4.0,82,1.4194364965820312,True,REGULAR,USD
74,TSLA200925C00323000,2020-09-23 13:41:19,323.0,78.65,70.75,71.2,-29.900002,-27.544912,2.0,22,1.4614284741210937,True,REGULAR,USD
75,TSLA200925C00324000,2020-09-23 15:22:31,324.0,70.8,70.6,70.95,-32.519997,-31.475027,36.0,87,1.6059590014648437,True,REGULAR,USD
76,TSLA200925C00325000,2020-09-23 13:54:48,325.0,70.0,68.7,69.25,-30.46,-30.320526,9.0,259,1.4248075634765625,True,REGULAR,USD
77,TSLA200925C00326000,2020-09-22 16:49:42,326.0,99.65,67.5,67.95,0.0,0.0,3.0,89,1.3481477905273436,True,REGULAR,USD
78,TSLA200925C00328000,2020-09-23 14:54:07,328.0,71.35,65.8,66.45,-31.830002,-30.849005,3.0,115,1.4018584594726562,True,REGULAR,USD
79,TSLA200925C00330000,2020-09-23 14:14:07,330.0,68.72,64.3,64.7,-29.279999,-29.87755,30.0,427,1.4382352307128907,True,REGULAR,USD
80,TSLA200925C00332000,2020-09-22 14:59:24,332.0,65.95,62.0,62.4,-24.950005,-27.44775,17.0,183,1.342776723632812,True,REGULAR,USD
81,TSLA200925C00334000,2020-09-23 15:20:30,334.0,62.2,60.2,60.6,-31.95,-33.935207,2.0,128,1.343265002441406,True,REGULAR,USD
82,TSLA200925C00335000,2020-09-23 15:07:34,335.0,64.07,59.25,59.6,-26.43,-29.20442,35.0,133,1.3288607775878902,True,REGULAR,USD
83,TSLA200925C00336000,2020-09-23 13:52:02,336.0,65.4,58.2,58.6,-28.25,-30.16551,13.0,127,1.3054233947753904,True,REGULAR,USD
84,TSLA200925C00338000,2020-09-23 15:00:32,338.0,60.3,55.45,56.0,-28.899998,-32.3991,16.0,90,1.1357465087890626,True,REGULAR,USD
85,TSLA200925C00340000,2020-09-23 15:16:53,340.0,57.0,53.35,53.75,-30.0,-34.482758,102.0,987,1.0620164086914063,True,REGULAR,USD
86,TSLA200925C00342000,2020-09-23 15:06:53,342.0,57.2,52.35,52.75,-27.850002,-32.745445,29.0,148,1.2168007910156249,True,REGULAR,USD
87,TSLA200925C00344000,2020-09-23 14:41:05,344.0,58.5,50.9,51.4,-24.349998,-29.390463,18.0,216,1.2702673205566404,True,REGULAR,USD
88,TSLA200925C00345000,2020-09-23 13:59:34,345.0,53.85,50.1,50.6,-29.080002,-35.06572,15.0,259,1.2785680603027343,True,REGULAR,USD
89,TSLA200925C00346000,2020-09-23 13:46:26,346.0,56.4,48.95,49.4,-23.949997,-29.80709,10.0,212,1.2336464099121094,True,REGULAR,USD
90,TSLA200925C00348000,2020-09-23 15:00:32,348.0,50.8,47.1,47.6,-27.399998,-35.03836,41.0,243,1.2172890698242185,True,REGULAR,USD
91,TSLA200925C00350000,2020-09-23 15:24:27,350.0,44.52,44.45,44.8,-32.48,-42.18182,567.0,2302,1.0747116577148441,True,REGULAR,USD
92,TSLA200925C00352000,2020-09-23 14:56:02,352.0,49.6,42.3,42.8,-29.450005,-37.254906,25.0,252,1.0249072192382815,True,REGULAR,USD
93,TSLA200925C00354000,2020-09-23 15:10:54,354.0,45.35,41.55,41.9,-30.200005,-39.973534,430.0,635,1.1413617150878905,True,REGULAR,USD
94,TSLA200925C00355000,2020-09-23 15:19:09,355.0,42.68,40.65,41.1,-31.220001,-42.246277,91.0,406,1.138432042236328,True,REGULAR,USD
95,TSLA200925C00356000,2020-09-23 14:30:25,356.0,47.5,39.55,39.95,-26.900002,-36.15592,33.0,495,1.102299410400391,True,REGULAR,USD
96,TSLA200925C00358000,2020-09-23 13:53:02,358.0,45.14,38.85,39.2,-27.79,-38.105034,32.0,328,1.200931729736328,True,REGULAR,USD
97,TSLA200925C00360000,2020-09-23 15:14:42,360.0,37.7,36.7,37.15,-31.95,-45.87222,258.0,1410,1.1452679455566406,True,REGULAR,USD
98,TSLA200925C00365000,2020-09-23 15:14:42,365.0,33.45,32.2,32.6,-29.55,-46.904762,119.0,462,1.0773971911621096,True,REGULAR,USD
99,TSLA200925C00370000,2020-09-23 15:23:24,370.0,28.5,27.75,28.55,-32.8,-53.507343,735.0,3265,1.0263720556640625,True,REGULAR,USD
100,TSLA200925C00375000,2020-09-23 15:24:15,375.0,24.58,24.45,24.85,-30.980001,-55.759544,258.0,2204,1.02502928894043,True,REGULAR,USD
101,TSLA200925C00380000,2020-09-23 15:24:10,380.0,21.0,20.8,21.3,-31.060001,-59.66193,1421.0,1692,0.9965820654296875,True,REGULAR,USD
102,TSLA200925C00381000,2020-09-23 15:15:56,381.0,21.65,21.2,21.4,-30.35,-58.365383,79.0,287,1.061894338989258,True,REGULAR,USD
103,TSLA200925C00382000,2020-09-23 15:23:31,382.0,19.85,19.2,19.6,-30.4,-60.497513,75.0,163,0.9645999633789062,True,REGULAR,USD
104,TSLA200925C00383000,2020-09-23 15:24:10,383.0,19.1,19.3,19.55,-30.9,-61.799995,87.0,135,1.0108692034912108,True,REGULAR,USD
105,TSLA200925C00384000,2020-09-23 15:24:02,384.0,18.7,18.65,18.85,-28.8,-60.63158,151.0,211,1.0040333001708983,True,REGULAR,USD
106,TSLA200925C00385000,2020-09-23 15:16:59,385.0,20.0,18.05,18.45,-27.919998,-58.26377,1307.0,1059,1.0092822973632813,True,REGULAR,USD
107,TSLA200925C00386000,2020-09-23 15:23:12,386.0,17.5,17.5,17.75,-30.25,-63.350784,109.0,249,1.0046436486816406,True,REGULAR,USD
108,TSLA200925C00387000,2020-09-23 15:15:31,387.0,18.0,16.8,17.05,-29.0,-61.70213,143.0,250,0.9937744763183594,True,REGULAR,USD
109,TSLA200925C00388000,2020-09-23 15:19:10,388.0,17.2,16.25,16.5,-29.0,-62.77056,76.0,169,0.9929199926757812,True,REGULAR,USD
110,TSLA200925C00389000,2020-09-23 15:21:08,389.0,16.35,15.6,15.85,-30.449999,-65.0641,103.0,227,0.9842530871582031,True,REGULAR,USD
111,TSLA200925C00390000,2020-09-23 15:24:25,390.0,14.85,14.6,14.85,-29.65,-66.62921,1616.0,1300,0.9499516723632812,True,REGULAR,USD
112,TSLA200925C00391000,2020-09-23 15:22:33,391.0,15.3,14.65,14.9,-28.45,-65.02857,99.0,232,0.989257919921875,True,REGULAR,USD
113,TSLA200925C00392000,2020-09-23 15:20:41,392.0,14.85,14.0,14.25,-29.019999,-66.14999,80.0,205,0.9782717016601563,True,REGULAR,USD
114,TSLA200925C00393000,2020-09-23 15:24:10,393.0,13.6,13.7,13.9,-29.249998,-68.261375,201.0,113,0.989257919921875,False,REGULAR,USD
115,TSLA200925C00394000,2020-09-23 15:23:54,394.0,13.3,13.1,13.3,-28.7,-68.333336,420.0,439,0.9802248071289064,False,REGULAR,USD
116,TSLA200925C00395000,2020-09-23 15:23:17,395.0,12.75,12.65,12.85,-27.75,-68.51852,1608.0,987,0.9808351525878907,False,REGULAR,USD
117,TSLA200925C00396000,2020-09-23 15:23:41,396.0,12.3,12.5,12.7,-28.400002,-69.77887,1113.0,248,1.001958115234375,False,REGULAR,USD
118,TSLA200925C00397000,2020-09-23 15:22:52,397.0,12.2,11.8,12.05,-28.239998,-69.83185,679.0,241,0.9851075708007813,False,REGULAR,USD
119,TSLA200925C00398000,2020-09-23 15:24:19,398.0,10.8,11.25,11.5,-29.04,-72.89157,1342.0,321,0.9763185961914063,False,REGULAR,USD
120,TSLA200925C00399000,2020-09-23 15:23:23,399.0,11.13,11.35,11.5,-27.489998,-71.18073,1179.0,663,1.0094043670654298,False,REGULAR,USD
121,TSLA200925C00400000,2020-09-23 15:24:23,400.0,10.17,10.5,10.7,-27.33,-72.88,15459.0,7893,0.9794923925781251,False,REGULAR,USD
122,TSLA200925C00401000,2020-09-23 15:23:28,401.0,10.2,10.2,10.35,-27.46,-72.91556,1113.0,552,0.98437515625,False,REGULAR,USD
123,TSLA200925C00402000,2020-09-23 15:23:38,402.0,9.7,9.9,10.1,-28.3,-74.47369,1056.0,477,0.9920655090332031,False,REGULAR,USD
124,TSLA200925C00403000,2020-09-23 15:23:43,403.0,9.45,9.55,9.7,-26.95,-74.03846,1600.0,846,0.9919434399414062,False,REGULAR,USD
125,TSLA200925C00404000,2020-09-23 15:22:33,404.0,9.45,9.05,9.1,-24.75,-72.368416,1033.0,501,0.9781496325683594,False,REGULAR,USD
126,TSLA200925C00405000,2020-09-23 15:24:02,405.0,8.6,8.55,8.7,-26.22,-75.30155,4548.0,903,0.9708254870605468,False,REGULAR,USD
127,TSLA200925C00406000,2020-09-23 15:23:49,406.0,8.32,8.35,8.55,-27.05,-76.47724,869.0,358,0.9831544653320312,False,REGULAR,USD
128,TSLA200925C00407000,2020-09-23 15:23:04,407.0,8.15,7.8,7.95,-24.250002,-74.84568,915.0,287,0.9647220324707031,False,REGULAR,USD
129,TSLA200925C00408000,2020-09-23 15:24:25,408.0,7.4,7.55,7.7,-28.070002,-79.1373,1138.0,269,0.9699710034179687,False,REGULAR,USD
130,TSLA200925C00409000,2020-09-23 15:22:33,409.0,7.7,7.3,7.55,-25.5,-76.80723,487.0,208,0.9782717016601563,False,REGULAR,USD
131,TSLA200925C00410000,2020-09-23 15:24:21,410.0,6.68,6.9,7.05,-25.369999,-79.15757,8644.0,2648,0.9666751379394531,False,REGULAR,USD
132,TSLA200925C00411000,2020-09-23 15:22:35,411.0,7.1,6.6,6.85,-24.4,-77.46032,485.0,400,0.9697268652343749,False,REGULAR,USD
133,TSLA200925C00412000,2020-09-23 15:24:25,412.0,6.25,6.35,6.5,-24.7,-79.80614,584.0,1155,0.9682620361328125,False,REGULAR,USD
134,TSLA200925C00413000,2020-09-23 15:23:06,413.0,6.3,6.05,6.25,-25.52,-80.20113,395.0,1077,0.967895828857422,False,REGULAR,USD
135,TSLA200925C00414000,2020-09-23 15:23:07,414.0,6.0,6.0,6.2,-23.9,-79.93311,375.0,725,0.9853517089843751,False,REGULAR,USD
136,TSLA200925C00415000,2020-09-23 15:23:01,415.0,5.83,5.65,5.8,-23.67,-80.23729,4776.0,1362,0.9753420434570312,False,REGULAR,USD
137,TSLA200925C00416000,2020-09-23 15:21:34,416.0,5.3,5.35,5.5,-24.0,-81.91126,379.0,521,0.9707034179687499,False,REGULAR,USD
138,TSLA200925C00417000,2020-09-23 15:23:01,417.0,5.33,5.1,5.25,-24.12,-81.90153,288.0,384,0.9694827270507812,False,REGULAR,USD
139,TSLA200925C00418000,2020-09-23 15:21:39,418.0,4.75,4.85,5.0,-23.74,-83.327484,380.0,376,0.9675296215820313,False,REGULAR,USD
140,TSLA200925C00419000,2020-09-23 15:21:50,419.0,4.68,4.7,4.85,-22.97,-83.07414,317.0,759,0.9738772143554688,False,REGULAR,USD
141,TSLA200925C00420000,2020-09-23 15:24:04,420.0,4.55,4.5,4.65,-22.650002,-83.272064,14547.0,4608,0.9749758361816407,False,REGULAR,USD
142,TSLA200925C00421000,2020-09-23 15:21:43,421.0,4.21,4.25,4.4,-22.509998,-84.24401,431.0,674,0.9707034179687499,False,REGULAR,USD
143,TSLA200925C00422000,2020-09-23 15:21:56,422.0,4.1,4.1,4.2,-22.02,-84.303215,284.0,854,0.9729006616210938,False,REGULAR,USD
144,TSLA200925C00423000,2020-09-23 15:21:57,423.0,3.85,3.9,4.1,-21.699999,-84.93151,292.0,712,0.976684803466797,False,REGULAR,USD
145,TSLA200925C00424000,2020-09-23 15:23:56,424.0,3.78,3.7,3.8,-21.57,-85.08875,974.0,1137,0.9699710034179687,False,REGULAR,USD
146,TSLA200925C00425000,2020-09-23 15:24:02,425.0,3.65,3.55,3.7,-21.2,-85.311874,4560.0,3847,0.9750979052734375,False,REGULAR,USD
147,TSLA200925C00426000,2020-09-23 15:23:38,426.0,3.45,3.45,3.6,-20.75,-85.7438,984.0,1080,0.9822999816894531,False,REGULAR,USD
148,TSLA200925C00427000,2020-09-23 15:20:58,427.0,3.4,3.25,3.35,-20.550001,-85.80376,716.0,1051,0.9758303198242189,False,REGULAR,USD
149,TSLA200925C00428000,2020-09-23 15:23:43,428.0,3.2,3.2,3.35,-20.46,-86.47506,428.0,1177,0.9899903344726562,False,REGULAR,USD
150,TSLA200925C00429000,2020-09-23 15:22:39,429.0,3.15,3.0,3.1,-19.890001,-86.328125,377.0,896,0.9821779125976562,False,REGULAR,USD
151,TSLA200925C00430000,2020-09-23 15:24:22,430.0,2.79,2.82,2.91,-19.75,-87.622,8544.0,4946,0.9775392871093751,False,REGULAR,USD
152,TSLA200925C00431000,2020-09-23 15:24:23,431.0,2.64,2.72,2.81,-18.960001,-87.77778,786.0,1090,0.9821779125976562,False,REGULAR,USD
153,TSLA200925C00432000,2020-09-23 15:20:02,432.0,2.8,2.6,2.71,-19.27,-87.313095,543.0,806,0.9849855017089844,False,REGULAR,USD
154,TSLA200925C00433000,2020-09-23 15:23:57,433.0,2.53,2.5,2.61,-19.019999,-88.25986,497.0,1001,0.9885255053710937,False,REGULAR,USD
155,TSLA200925C00434000,2020-09-23 15:22:37,434.0,2.56,2.4,2.5,-18.44,-87.809525,431.0,736,0.9909668872070312,False,REGULAR,USD
156,TSLA200925C00435000,2020-09-23 15:23:52,435.0,2.32,2.26,2.35,-18.2,-88.69396,2650.0,2476,0.9877930908203125,False,REGULAR,USD
157,TSLA200925C00436000,2020-09-23 15:22:19,436.0,2.32,2.16,2.25,-17.74,-88.4347,567.0,688,0.9895020581054688,False,REGULAR,USD
158,TSLA200925C00437000,2020-09-23 15:14:59,437.0,2.13,2.08,2.18,-17.740002,-89.28032,604.0,1110,0.9941406835937501,False,REGULAR,USD
159,TSLA200925C00438000,2020-09-23 15:22:18,438.0,2.01,2.01,2.09,-17.789999,-89.84848,552.0,1081,0.9978027563476561,False,REGULAR,USD
160,TSLA200925C00439000,2020-09-23 15:20:59,439.0,2.0,1.9,1.99,-17.08,-89.51782,516.0,999,0.9975586181640624,False,REGULAR,USD
161,TSLA200925C00440000,2020-09-23 15:24:23,440.0,1.83,1.82,1.88,-16.77,-90.16129,8654.0,8341,0.9978027563476561,False,REGULAR,USD
162,TSLA200925C00441000,2020-09-23 15:22:54,441.0,1.87,1.8,1.87,-16.58,-89.864494,491.0,1320,1.009770576171875,False,REGULAR,USD
163,TSLA200925C00442000,2020-09-23 15:21:44,442.0,1.73,1.59,1.67,-16.470001,-90.49451,766.0,1432,0.9919434399414062,False,REGULAR,USD
164,TSLA200925C00443000,2020-09-23 15:23:37,443.0,1.6,1.56,1.63,-16.13,-90.975746,770.0,1227,0.9997558618164062,False,REGULAR,USD
165,TSLA200925C00444000,2020-09-23 15:22:45,444.0,1.68,1.56,1.63,-16.02,-90.50847,493.0,1858,1.0134326672363283,False,REGULAR,USD
166,TSLA200925C00445000,2020-09-23 15:23:31,445.0,1.49,1.48,1.53,-15.610001,-91.286545,3747.0,6759,1.01172369140625,False,REGULAR,USD
167,TSLA200925C00446000,2020-09-23 15:17:17,446.0,1.54,1.42,1.48,-15.46,-90.94118,947.0,2410,1.015629921875,False,REGULAR,USD
168,TSLA200925C00447000,2020-09-23 15:23:54,447.0,1.39,1.38,1.44,-15.099999,-91.57065,1738.0,2612,1.0217334069824218,False,REGULAR,USD
169,TSLA200925C00450000,2020-09-23 15:24:10,450.0,1.2,1.2,1.25,-14.150001,-92.18241,20595.0,14959,1.0258837768554687,False,REGULAR,USD
170,TSLA200925C00455000,2020-09-23 15:23:10,455.0,1.05,0.99,1.04,-13.07,-92.56374,2795.0,4287,1.0434618139648442,False,REGULAR,USD
171,TSLA200925C00460000,2020-09-23 15:23:44,460.0,0.83,0.83,0.87,-11.22,-93.11203,8322.0,8432,1.0625046875000002,False,REGULAR,USD
172,TSLA200925C00465000,2020-09-23 15:23:39,465.0,0.7,0.72,0.75,-10.85,-93.93939,2208.0,3421,1.087895185546875,False,REGULAR,USD
173,TSLA200925C00470000,2020-09-23 15:24:06,470.0,0.64,0.6,0.62,-9.61,-93.75609,4055.0,6771,1.1030318286132816,False,REGULAR,USD
174,TSLA200925C00475000,2020-09-23 15:23:54,475.0,0.54,0.52,0.58,-8.76,-94.19355,2552.0,3952,1.1337933935546878,False,REGULAR,USD
175,TSLA200925C00480000,2020-09-23 15:23:42,480.0,0.46,0.48,0.52,-7.8599997,-94.47115,5506.0,5931,1.1650432373046877,False,REGULAR,USD
176,TSLA200925C00485000,2020-09-23 15:22:09,485.0,0.44,0.41,0.45,-6.91,-94.0136,1859.0,3914,1.1845743896484375,False,REGULAR,USD
177,TSLA200925C00490000,2020-09-23 15:23:15,490.0,0.37,0.37,0.42,-6.38,-94.51852,3008.0,5390,1.2148476757812499,False,REGULAR,USD
178,TSLA200925C00495000,2020-09-23 15:24:20,495.0,0.33,0.3,0.34,-5.7200003,-94.545456,4665.0,19934,1.2216835791015623,False,REGULAR,USD
179,TSLA200925C00500000,2020-09-23 15:24:20,500.0,0.3,0.31,0.31,-5.16,-94.505486,22875.0,40115,1.259769326171875,False,REGULAR,USD
180,TSLA200925C00505000,2020-09-23 15:22:06,505.0,0.28,0.26,0.29,-4.77,-94.455444,1951.0,4462,1.2812535937499998,False,REGULAR,USD
181,TSLA200925C00510000,2020-09-23 15:23:36,510.0,0.24,0.25,0.27,-4.11,-94.48276,2388.0,4062,1.3125034374999998,False,REGULAR,USD
182,TSLA200925C00515000,2020-09-23 15:22:19,515.0,0.24,0.21,0.24,-3.8100002,-94.07407,1232.0,2768,1.3281283593749997,False,REGULAR,USD
183,TSLA200925C00520000,2020-09-23 15:22:19,520.0,0.22,0.19,0.25,-3.43,-93.9726,3017.0,6817,1.3642609912109376,False,REGULAR,USD
184,TSLA200925C00525000,2020-09-23 15:21:59,525.0,0.2,0.18,0.22,-3.1,-93.93939,1119.0,2413,1.3867218164062498,False,REGULAR,USD
185,TSLA200925C00530000,2020-09-23 15:21:58,530.0,0.18,0.14,0.2,-2.72,-93.7931,1289.0,2319,1.396487392578125,False,REGULAR,USD
186,TSLA200925C00535000,2020-09-23 15:22:00,535.0,0.15,0.14,0.18,-2.55,-94.44444,692.0,1585,1.421877890625,False,REGULAR,USD
187,TSLA200925C00540000,2020-09-23 15:22:06,540.0,0.13,0.12,0.18,-2.3200002,-94.69388,1383.0,3784,1.4492215039062502,False,REGULAR,USD
188,TSLA200925C00545000,2020-09-23 15:22:02,545.0,0.14,0.13,0.14,-2.11,-93.77778,344.0,2494,1.46484642578125,False,REGULAR,USD
189,TSLA200925C00550000,2020-09-23 15:24:29,550.0,0.12,0.12,0.14,-1.92,-94.117645,4603.0,9491,1.4941431542968748,False,REGULAR,USD
190,TSLA200925C00555000,2020-09-23 15:20:42,555.0,0.12,0.09,0.14,-1.58,-92.94118,538.0,1433,1.5078149609375,False,REGULAR,USD
191,TSLA200925C00560000,2020-09-23 15:21:44,560.0,0.1,0.1,0.11,-1.6,-94.117645,1821.0,4410,1.5273461132812498,False,REGULAR,USD
192,TSLA200925C00565000,2020-09-23 15:22:19,565.0,0.09,0.1,0.13,-1.4499999,-94.155846,414.0,1013,1.57422087890625,False,REGULAR,USD
193,TSLA200925C00570000,2020-09-23 15:18:30,570.0,0.1,0.08,0.1,-1.3299999,-93.00699,867.0,2379,1.5664084179687499,False,REGULAR,USD
194,TSLA200925C00575000,2020-09-23 15:23:33,575.0,0.07,0.06,0.1,-1.14,-94.214874,422.0,2147,1.5781271093749998,False,REGULAR,USD
195,TSLA200925C00580000,2020-09-23 15:22:59,580.0,0.08,0.07,0.09,-1.14,-93.44262,1155.0,2863,1.609376953125,False,REGULAR,USD
196,TSLA200925C00585000,2020-09-23 15:22:54,585.0,0.08,0.07,0.1,-1.01,-92.660545,403.0,1714,1.65234548828125,False,REGULAR,USD
197,TSLA200925C00590000,2020-09-23 15:22:12,590.0,0.08,0.07,0.09,-0.88,-91.66667,1541.0,11015,1.671876640625,False,REGULAR,USD
198,TSLA200925C00595000,2020-09-23 15:20:29,595.0,0.06,0.06,0.07,-0.89,-93.68421,1027.0,15099,1.6679704101562502,False,REGULAR,USD
199,TSLA200925C00600000,2020-09-23 15:23:51,600.0,0.05,0.05,0.06,-0.84,-94.38203,10797.0,35862,1.671876640625,False,REGULAR,USD
200,TSLA200925C00620000,2020-09-23 15:20:55,620.0,0.03,0.03,0.04,-0.63000005,-95.45455,1341.0,3946,1.7109389453125,False,REGULAR,USD
201,TSLA200925C00640000,2020-09-23 15:20:41,640.0,0.03,0.02,0.03,-0.52000004,-94.545456,1008.0,4397,1.765626171875,False,REGULAR,USD
202,TSLA200925C00660000,2020-09-23 15:22:52,660.0,0.03,0.03,0.04,-0.39,-92.85714,845.0,19019,1.9218753906250001,False,REGULAR,USD
203,TSLA200925C00680000,2020-09-23 15:17:52,680.0,0.02,0.02,0.03,-0.29999998,-93.74999,774.0,19158,1.953125234375,False,REGULAR,USD
204,TSLA200925C00700000,2020-09-23 15:21:24,700.0,0.01,0.01,0.02,-0.29000002,-96.66667,3702.0,10744,1.96875015625,False,REGULAR,USD
205,TSLA200925C00720000,2020-09-23 15:19:29,720.0,0.01,0.01,0.02,-0.24999999,-96.15385,2759.0,5716,2.0625048437499998,False,REGULAR,USD
206,TSLA200925C00740000,2020-09-23 15:23:35,740.0,0.02,0.01,0.02,-0.18,-90.0,929.0,2749,2.1406296484375,False,REGULAR,USD
207,TSLA200925C00760000,2020-09-23 15:17:30,760.0,0.02,0.01,0.02,-0.15,-88.2353,1826.0,3349,2.2187544531249994,False,REGULAR,USD
208,TSLA200925C00780000,2020-09-23 15:20:55,780.0,0.01,0.01,0.02,-0.14,-93.33333,451.0,3232,2.2968792578125,False,REGULAR,USD
209,TSLA200925C00800000,2020-09-23 15:24:26,800.0,0.01,0.01,0.02,-0.12,-92.30769,8924.0,28485,2.3750040624999995,False,REGULAR,USD
210,TSLA200925C00900000,2020-08-28 17:52:22,900.0,1338.0,1306.5,1325.5,242.0,22.080292,5.0,5,0.0,False,REGULAR,USD
211,TSLA200925C00950000,2020-08-24 04:12:03,950.0,1114.27,1257.0,1276.0,0.0,0.0,,2,0.0,False,REGULAR,USD
212,TSLA200925C01000000,2020-08-20 15:19:36,1000.0,972.05,1207.6,1227.0,0.0,0.0,2.0,5,0.0,False,REGULAR,USD
213,TSLA200925C01050000,2020-08-24 14:03:59,1050.0,928.0,1158.5,1178.0,0.0,0.0,1.0,4,0.0,False,REGULAR,USD
214,TSLA200925C01100000,2020-08-17 18:31:27,1100.0,710.0,1109.5,1128.5,0.0,0.0,4.0,4,0.0,False,REGULAR,USD
215,TSLA200925C01150000,2020-08-28 19:36:03,1150.0,1064.05,1060.5,1080.0,227.05005,27.12665,2.0,4,0.0,False,REGULAR,USD
216,TSLA200925C01200000,2020-08-20 13:30:44,1200.0,793.28,1012.5,1031.0,0.0,0.0,2.0,5,0.0,False,REGULAR,USD
217,TSLA200925C01210000,2020-08-26 14:48:01,1210.0,908.97,1002.0,1021.5,0.0,0.0,,10,0.0,False,REGULAR,USD
218,TSLA200925C01240000,2020-08-17 04:10:25,1240.0,447.6,973.05,992.5,0.0,0.0,,1,0.0,False,REGULAR,USD
219,TSLA200925C01250000,2020-08-28 19:43:23,1250.0,975.0,963.5,983.0,5.0,0.5154639,1.0,4,0.0,False,REGULAR,USD
220,TSLA200925C01260000,2020-08-13 14:46:32,1260.0,792.08,953.7,973.0,0.0,0.0,1.0,5,0.0,False,REGULAR,USD
221,TSLA200925C01270000,2020-08-20 15:26:29,1270.0,781.12,944.2,963.5,0.0,0.0,2.0,2,0.0,False,REGULAR,USD
222,TSLA200925C01280000,2020-08-17 15:49:34,1280.0,633.8,935.0,954.0,0.0,0.0,1.0,2,0.0,False,REGULAR,USD
223,TSLA200925C01300000,2020-08-25 14:08:13,1300.0,703.1,915.5,935.0,0.0,0.0,2.0,7,0.0,False,REGULAR,USD
224,TSLA200925C01320000,2020-08-17 04:10:26,1320.0,373.0,896.25,915.5,0.0,0.0,,2,0.0,False,REGULAR,USD
225,TSLA200925C01330000,2020-08-24 04:11:29,1330.0,737.49,887.0,906.0,0.0,0.0,,1,0.0,False,REGULAR,USD
226,TSLA200925C01340000,2020-08-17 14:26:55,1340.0,577.7,877.0,896.5,0.0,0.0,1.0,3,0.0,False,REGULAR,USD
227,TSLA200925C01350000,2020-08-28 17:39:53,1350.0,880.0,867.5,887.0,40.0,4.7619047,3.0,7,0.0,False,REGULAR,USD
228,TSLA200925C01360000,2020-08-27 13:35:53,1360.0,852.48,858.25,877.5,0.0,0.0,3.0,3,0.0,False,REGULAR,USD
229,TSLA200925C01370000,2020-08-26 14:22:34,1370.0,743.15,849.0,868.0,0.0,0.0,1.0,4,0.0,False,REGULAR,USD
230,TSLA200925C01380000,2020-08-10 15:44:52,1380.0,185.0,839.5,858.5,0.0,0.0,12.0,8,0.0,False,REGULAR,USD
231,TSLA200925C01390000,2020-08-18 13:30:12,1390.0,540.0,830.5,849.5,0.0,0.0,1.0,6,0.0,False,REGULAR,USD
232,TSLA200925C01400000,2020-08-28 18:43:29,1400.0,846.89,821.0,840.0,32.850037,4.035433,5.0,43,0.0,False,REGULAR,USD
233,TSLA200925C01405000,2020-08-26 18:35:15,1405.0,753.94,816.0,835.0,0.0,0.0,34.0,19,0.0,False,REGULAR,USD
234,TSLA200925C01410000,2020-08-26 18:35:15,1410.0,749.34,811.8,830.5,0.0,0.0,1.0,8,0.0,False,REGULAR,USD
235,TSLA200925C01415000,2020-08-18 17:29:11,1415.0,502.22,806.9,825.5,0.0,0.0,8.0,16,0.0,False,REGULAR,USD
236,TSLA200925C01420000,2020-08-21 16:29:49,1420.0,690.14,802.0,821.0,0.0,0.0,2.0,118,0.0,False,REGULAR,USD
237,TSLA200925C01425000,2020-08-20 18:46:43,1425.0,650.99,797.8,816.5,0.0,0.0,1.0,5,0.0,False,REGULAR,USD
238,TSLA200925C01430000,2020-08-27 14:08:12,1430.0,795.0,793.2,812.0,0.0,0.0,1.0,113,0.0,False,REGULAR,USD
239,TSLA200925C01435000,2020-08-12 18:05:52,1435.0,261.64,788.0,807.0,0.0,0.0,2.0,7,0.0,False,REGULAR,USD
240,TSLA200925C01440000,2020-08-28 17:21:50,1440.0,802.0,783.5,802.5,124.48999,18.374636,2.0,14,0.0,False,REGULAR,USD
241,TSLA200925C01445000,2020-08-13 14:03:41,1445.0,252.63,778.6,798.0,0.0,0.0,1.0,13,0.0,False,REGULAR,USD
242,TSLA200925C01450000,2020-08-27 13:30:00,1450.0,743.45,774.0,793.0,0.0,0.0,1.0,50,0.0,False,REGULAR,USD
243,TSLA200925C01455000,2020-08-18 19:18:41,1455.0,619.75,769.5,788.5,0.0,0.0,1.0,12,0.0,False,REGULAR,USD
244,TSLA200925C01460000,2020-08-24 13:46:04,1460.0,634.68,765.0,783.8,0.0,0.0,1.0,6,0.0,False,REGULAR,USD
245,TSLA200925C01465000,2020-08-21 19:33:04,1465.0,634.82,760.5,779.5,0.0,0.0,1.0,4,0.0,False,REGULAR,USD
246,TSLA200925C01470000,2020-08-24 15:44:31,1470.0,572.6,755.7,774.5,0.0,0.0,1.0,2,0.0,False,REGULAR,USD
247,TSLA200925C01475000,2020-08-14 19:51:02,1475.0,257.0,751.0,770.0,0.0,0.0,2.0,2,0.0,False,REGULAR,USD
248,TSLA200925C01480000,2020-08-28 17:12:24,1480.0,757.95,746.5,765.5,100.0,15.198723,1.0,13,0.0,False,REGULAR,USD
249,TSLA200925C01485000,2020-08-26 16:32:29,1485.0,652.3,742.0,761.0,0.0,0.0,2.0,12,0.0,False,REGULAR,USD
250,TSLA200925C01490000,2020-08-27 16:37:44,1490.0,728.33,737.5,756.5,0.0,0.0,1.0,15,0.0,False,REGULAR,USD
251,TSLA200925C01495000,2020-08-17 14:17:29,1495.0,331.34,732.5,751.5,0.0,0.0,3.0,4,0.0,False,REGULAR,USD
252,TSLA200925C01500000,2020-08-28 16:42:54,1500.0,785.0,728.0,747.0,-8.0,-1.0088272,6.0,126,0.0,False,REGULAR,USD
253,TSLA200925C01505000,2020-08-26 16:47:00,1505.0,627.72,723.7,742.5,0.0,0.0,12.0,7,0.0,False,REGULAR,USD
254,TSLA200925C01510000,2020-08-28 13:48:11,1510.0,799.82,719.0,738.0,176.62,28.34082,5.0,14,0.0,False,REGULAR,USD
255,TSLA200925C01515000,2020-08-24 16:30:05,1515.0,558.04,714.5,733.5,0.0,0.0,1.0,4,0.0,False,REGULAR,USD
256,TSLA200925C01520000,2020-08-27 16:17:05,1520.0,781.59,710.0,729.0,0.0,0.0,1.0,10,0.0,False,REGULAR,USD
257,TSLA200925C01525000,2020-08-27 16:09:12,1525.0,715.0,705.1,722.6,-72.82001,-9.243229,10.0,7,0.0,False,REGULAR,USD
258,TSLA200925C01530000,2020-08-28 17:15:34,1530.0,710.0,701.0,720.0,190.0,36.53846,1.0,12,0.0,False,REGULAR,USD
259,TSLA200925C01535000,2020-08-14 16:24:10,1535.0,232.05,697.0,716.0,0.0,0.0,1.0,6,0.0,False,REGULAR,USD
260,TSLA200925C01540000,2020-08-19 14:09:13,1540.0,406.0,692.0,711.0,0.0,0.0,2.0,103,0.0,False,REGULAR,USD
261,TSLA200925C01545000,2020-08-27 16:09:12,1545.0,769.22,687.5,706.5,0.0,0.0,6.0,14,0.0,False,REGULAR,USD
262,TSLA200925C01550000,2020-08-27 16:17:05,1550.0,754.09,683.0,702.0,0.0,0.0,1.0,144,0.0,False,REGULAR,USD
263,TSLA200925C01555000,2020-08-19 13:59:31,1555.0,375.4,678.5,697.5,0.0,0.0,1.0,12,0.0,False,REGULAR,USD
264,TSLA200925C01560000,2020-08-24 13:57:26,1560.0,480.0,674.1,693.25,0.0,0.0,3.0,16,0.0,False,REGULAR,USD
265,TSLA200925C01565000,2020-08-20 15:16:48,1565.0,446.0,669.5,688.5,0.0,0.0,1.0,8,0.0,False,REGULAR,USD
266,TSLA200925C01570000,2020-08-27 14:41:39,1570.0,672.85,665.5,684.4,0.0,0.0,1.0,15,0.0,False,REGULAR,USD
267,TSLA200925C01575000,2020-08-27 14:46:35,1575.0,667.28,661.4,679.95,0.0,0.0,1.0,12,0.0,False,REGULAR,USD
268,TSLA200925C01580000,2020-08-27 14:46:35,1580.0,662.46,656.5,675.5,0.0,0.0,2.0,3,0.0,False,REGULAR,USD
269,TSLA200925C01585000,2020-08-24 15:44:32,1585.0,474.8,652.2,671.2,0.0,0.0,5.0,6,0.0,False,REGULAR,USD
270,TSLA200925C01590000,2020-08-24 14:20:50,1590.0,472.97,647.6,666.8,0.0,0.0,1.0,9,0.0,False,REGULAR,USD
271,TSLA200925C01595000,2020-08-24 14:20:50,1595.0,705.55,643.2,662.45,236.78,50.510914,1.0,16,0.0,False,REGULAR,USD
272,TSLA200925C01600000,2020-08-28 16:33:10,1600.0,644.7,638.8,658.0,-48.619995,-7.012634,2.0,146,0.0,False,REGULAR,USD
273,TSLA200925C01605000,2020-08-18 16:05:07,1605.0,362.2,634.5,653.75,0.0,0.0,1.0,4,0.0,False,REGULAR,USD
274,TSLA200925C01610000,2020-08-27 16:39:58,1610.0,614.7,630.1,649.4,0.0,0.0,1.0,15,0.0,False,REGULAR,USD
275,TSLA200925C01615000,2020-08-25 13:33:26,1615.0,428.65,626.0,645.0,0.0,0.0,1.0,2,0.0,False,REGULAR,USD
276,TSLA200925C01620000,2020-08-24 15:13:20,1620.0,447.0,621.6,640.8,0.0,0.0,3.0,10,0.0,False,REGULAR,USD
277,TSLA200925C01625000,2020-08-24 14:15:34,1625.0,451.0,617.8,636.5,0.0,0.0,1.0,11,0.0,False,REGULAR,USD
278,TSLA200925C01630000,2020-08-24 14:53:51,1630.0,410.0,613.1,632.5,0.0,0.0,1.0,13,0.0,False,REGULAR,USD
279,TSLA200925C01640000,2020-08-28 17:12:23,1640.0,610.08,604.25,623.5,69.619995,12.881618,4.0,23,0.0,False,REGULAR,USD
280,TSLA200925C01650000,2020-08-25 19:34:40,1650.0,676.0,596.0,615.0,260.28,62.609447,1.0,43,0.0,False,REGULAR,USD
281,TSLA200925C01660000,2020-08-27 16:35:16,1660.0,594.1,588.0,606.5,0.0,0.0,10.0,35,0.0,False,REGULAR,USD
282,TSLA200925C01670000,2020-08-26 18:56:53,1670.0,647.25,579.8,598.5,146.95001,29.37238,10.0,14,0.0,False,REGULAR,USD
283,TSLA200925C01680000,2020-08-26 14:52:16,1680.0,576.68,570.8,590.0,97.59,20.369867,2.0,17,0.0,False,REGULAR,USD
284,TSLA200925C01690000,2020-08-27 14:07:31,1690.0,555.0,562.5,581.5,0.0,0.0,1.0,12,0.0,False,REGULAR,USD
285,TSLA200925C01700000,2020-08-27 15:49:15,1700.0,617.33,554.2,573.5,0.0,0.0,2.0,95,0.0,False,REGULAR,USD
286,TSLA200925C01710000,2020-08-26 14:37:50,1710.0,457.94,546.0,565.0,0.0,0.0,11.0,21,0.0,False,REGULAR,USD
287,TSLA200925C01720000,2020-08-24 14:06:58,1720.0,342.15,538.5,557.5,0.0,0.0,1.0,34,0.0,False,REGULAR,USD
288,TSLA200925C01725000,2020-08-24 04:11:43,1725.0,329.4,534.0,553.0,0.0,0.0,,1,0.0,False,REGULAR,USD
289,TSLA200925C01730000,2020-08-21 17:48:58,1730.0,425.5,529.8,549.0,0.0,0.0,3.0,28,0.0,False,REGULAR,USD
290,TSLA200925C01740000,2020-08-24 14:52:28,1740.0,334.99,522.0,541.0,0.0,0.0,1.0,31,0.0,False,REGULAR,USD
291,TSLA200925C01750000,2020-08-27 16:41:40,1750.0,502.57,514.05,533.5,0.0,0.0,1.0,235,0.0,False,REGULAR,USD
292,TSLA200925C01760000,2020-08-28 19:19:03,1760.0,515.99,506.2,525.5,139.98999,37.23138,2.0,14,0.0,False,REGULAR,USD
293,TSLA200925C01770000,2020-08-28 19:19:03,1770.0,508.99,498.25,517.5,21.190002,4.343994,3.0,28,0.0,False,REGULAR,USD
294,TSLA200925C01775000,2020-08-24 04:11:44,1775.0,222.55,495.0,513.7,0.0,0.0,,2,0.0,False,REGULAR,USD
295,TSLA200925C01780000,2020-08-27 13:41:16,1780.0,577.0,490.6,510.0,89.20001,18.286186,1.0,81,0.0,False,REGULAR,USD
296,TSLA200925C01790000,2020-08-27 13:32:08,1790.0,458.15,483.05,502.5,0.0,0.0,1.0,42,0.0,False,REGULAR,USD
297,TSLA200925C01800000,2020-08-28 18:48:47,1800.0,501.0,480.0,496.0,-1.0,-0.1992032,15.0,544,0.0,False,REGULAR,USD
298,TSLA200925C01825000,2020-08-28 18:16:23,1825.0,484.78,456.8,476.0,91.04001,23.121859,1.0,3,0.0,False,REGULAR,USD
299,TSLA200925C01850000,2020-08-28 19:37:03,1850.0,448.0,438.5,457.5,-22.679993,-4.818559,1.0,87,0.0,False,REGULAR,USD
300,TSLA200925C01875000,2020-08-28 19:42:53,1875.0,441.0,420.0,436.6,69.92001,18.842302,1.0,28,0.0,False,REGULAR,USD
301,TSLA200925C01900000,2020-08-28 19:44:01,1900.0,418.5,403.6,423.0,-1.25,-0.2977963,40.0,153,0.0,False,REGULAR,USD
302,TSLA200925C01905000,2020-08-27 14:08:51,1905.0,391.45,400.25,419.5,0.0,0.0,2.0,3,0.0,False,REGULAR,USD
303,TSLA200925C01910000,2020-08-28 15:10:16,1910.0,455.9,397.4,416.0,55.899994,13.974998,27.0,26,0.0,False,REGULAR,USD
304,TSLA200925C01920000,2020-08-27 18:57:13,1920.0,409.85,390.2,409.5,0.0,0.0,4.0,9,0.0,False,REGULAR,USD
305,TSLA200925C01925000,2020-08-28 13:54:54,1925.0,449.34,387.0,406.0,63.04001,16.318926,2.0,34,0.0,False,REGULAR,USD
306,TSLA200925C01930000,2020-08-24 14:06:58,1930.0,222.76,383.5,402.1,0.0,0.0,,3,0.0,False,REGULAR,USD
307,TSLA200925C01935000,2020-08-28 19:14:15,1935.0,385.3,380.2,399.5,164.09999,74.18626,1.0,1,65.16797365875243,False,REGULAR,USD
308,TSLA200925C01945000,2020-08-28 13:34:15,1945.0,440.0,373.8,393.0,47.130005,11.996336,1.0,2,56.206055905303955,False,REGULAR,USD
309,TSLA200925C01950000,2020-08-28 18:47:55,1950.0,393.21,370.6,390.0,9.209991,2.398435,5.0,106,53.897462516021726,False,REGULAR,USD
310,TSLA200925C01955000,2020-08-27 15:39:58,1955.0,393.88,367.8,386.5,0.0,0.0,1.0,1,52.03125187011718,False,REGULAR,USD
311,TSLA200925C01960000,2020-08-27 17:24:03,1960.0,360.82,364.0,382.5,0.0,0.0,4.0,8,50.13574435379029,False,REGULAR,USD
312,TSLA200925C01965000,2020-08-27 19:16:07,1965.0,388.95,361.15,380.5,0.0,0.0,3.0,2,49.12304919952392,False,REGULAR,USD
313,TSLA200925C01970000,2020-08-28 16:21:15,1970.0,411.7,357.5,375.0,26.0,6.74099,1.0,22,47.44433852432252,False,REGULAR,USD
314,TSLA200925C01975000,2020-08-27 15:50:49,1975.0,402.0,354.8,374.0,0.0,0.0,6.0,43,46.841799555969246,False,REGULAR,USD
315,TSLA200925C01980000,2020-08-28 17:28:12,1980.0,360.0,351.6,371.0,11.820007,3.3947978,2.0,24,45.89795204719543,False,REGULAR,USD
316,TSLA200925C01985000,2020-08-27 16:37:18,1985.0,349.2,348.6,368.0,0.0,0.0,1.0,16,45.05762014724732,False,REGULAR,USD
317,TSLA200925C01990000,2020-08-28 19:00:12,1990.0,355.05,347.2,364.6,15.720001,4.632659,2.0,39,44.431155401382455,False,REGULAR,USD
318,TSLA200925C01995000,2020-08-28 17:12:22,1995.0,345.0,342.2,361.5,-15.140015,-4.2039247,11.0,48,43.441409462280276,False,REGULAR,USD
319,TSLA200925C02000000,2020-08-28 19:51:38,2000.0,348.5,339.5,358.3,-14.570007,-4.0130024,116.0,715,42.773929097824094,False,REGULAR,USD
320,TSLA200925C02005000,2020-08-28 15:11:26,2005.0,368.27,337.0,355.5,66.51999,22.044735,4.0,29,42.20654637397766,False,REGULAR,USD
321,TSLA200925C02010000,2020-08-28 19:32:31,2010.0,338.0,334.0,352.4,-18.0,-5.0561795,2.0,67,41.58447615867615,False,REGULAR,USD
322,TSLA200925C02015000,2020-08-27 17:07:27,2015.0,314.42,331.0,349.45,0.0,0.0,3.0,54,41.0078160925293,False,REGULAR,USD
323,TSLA200925C02020000,2020-08-28 17:14:30,2020.0,332.22,330.55,347.0,16.200012,5.1262617,10.0,72,40.741702852859504,False,REGULAR,USD
324,TSLA200925C02025000,2020-08-28 16:40:58,2025.0,362.93,327.3,344.0,19.929993,5.8104935,1.0,34,40.17627325370789,False,REGULAR,USD
325,TSLA200925C02030000,2020-08-28 16:40:58,2030.0,359.73,322.0,340.8,24.110016,7.1837244,1.0,36,39.442386649627686,False,REGULAR,USD
326,TSLA200925C02035000,2020-08-28 18:30:38,2035.0,339.41,320.65,337.95,6.5599976,1.970857,2.0,8,39.10010154685974,False,REGULAR,USD
327,TSLA200925C02040000,2020-08-28 18:30:38,2040.0,336.55,316.0,333.8,36.069977,12.004118,4.0,18,38.40063876552582,False,REGULAR,USD
328,TSLA200925C02045000,2020-08-28 13:37:49,2045.0,366.05,313.0,331.1,25.449982,7.472102,5.0,11,37.97021891090394,False,REGULAR,USD
329,TSLA200925C02050000,2020-08-28 17:09:46,2050.0,315.0,310.5,328.3,-7.970001,-2.467722,3.0,170,37.58301194015504,False,REGULAR,USD
330,TSLA200925C02055000,2020-08-28 14:16:32,2055.0,364.55,307.5,325.6,14.149994,4.0382404,1.0,30,37.177982706565864,False,REGULAR,USD
331,TSLA200925C02060000,2020-08-28 13:44:25,2060.0,368.75,305.0,322.8,37.75,11.404834,1.0,41,36.81274838863373,False,REGULAR,USD
332,TSLA200925C02065000,2020-08-28 19:16:05,2065.0,316.75,303.35,320.1,36.75,13.124999,11.0,30,36.521976949691776,False,REGULAR,USD
333,TSLA200925C02070000,2020-08-28 19:51:47,2070.0,316.2,299.5,317.3,12.200012,4.0131617,5.0,26,36.08374459629059,False,REGULAR,USD
334,TSLA200925C02075000,2020-08-28 19:51:47,2075.0,313.5,298.0,314.6,-20.299988,-6.0814824,3.0,49,35.817631356620794,False,REGULAR,USD
335,TSLA200925C02080000,2020-08-28 13:32:15,2080.0,375.88,295.2,312.0,78.07001,26.214705,2.0,86,35.47998492500305,False,REGULAR,USD
336,TSLA200925C02085000,2020-08-28 19:59:50,2085.0,299.44,292.05,309.8,54.339996,22.17054,26.0,67,35.15308067920685,False,REGULAR,USD
337,TSLA200925C02090000,2020-08-28 19:59:06,2090.0,295.9,289.0,306.6,-17.880005,-5.6982613,6.0,52,34.778569018974295,False,REGULAR,USD
338,TSLA200925C02095000,2020-08-28 17:19:39,2095.0,303.35,286.8,304.1,17.350006,6.066436,2.0,36,34.50586398345946,False,REGULAR,USD
339,TSLA200925C02100000,2020-08-28 19:47:42,2100.0,302.6,283.85,301.5,1.8399963,0.61178225,74.0,523,34.18799293937683,False,REGULAR,USD
340,TSLA200925C02105000,2020-08-28 18:58:09,2105.0,293.13,281.25,298.8,-4.970001,-1.6672261,8.0,39,33.89111798576354,False,REGULAR,USD
341,TSLA200925C02110000,2020-08-28 19:28:44,2110.0,279.7,278.5,296.3,-23.079987,-7.622692,24.0,79,33.602910022983565,False,REGULAR,USD
342,TSLA200925C02115000,2020-08-27 19:59:29,2115.0,295.0,276.3,293.8,0.0,0.0,15.0,61,33.3503465858841,False,REGULAR,USD
343,TSLA200925C02120000,2020-08-28 17:13:59,2120.0,272.5,274.6,291.3,-11.320007,-3.988446,2.0,40,33.12939935478211,False,REGULAR,USD
344,TSLA200925C02125000,2020-08-28 19:48:24,2125.0,284.0,270.75,288.8,26.899994,10.4628525,3.0,41,32.795659172554025,False,REGULAR,USD
345,TSLA200925C02130000,2020-08-28 17:52:41,2130.0,293.55,269.6,286.3,8.549988,2.9999957,18.0,39,32.61145509977341,False,REGULAR,USD
346,TSLA200925C02135000,2020-08-28 14:26:24,2135.0,320.68,267.9,283.8,41.679993,14.939065,9.0,36,32.400639703025824,False,REGULAR,USD
347,TSLA200925C02140000,2020-08-28 15:02:04,2140.0,311.0,263.45,281.5,28.679993,10.158683,3.0,30,32.0607960061264,False,REGULAR,USD
348,TSLA200925C02145000,2020-08-28 18:41:17,2145.0,278.75,263.15,279.1,2.8599854,1.0366397,3.0,27,31.933105489654544,False,REGULAR,USD
349,TSLA200925C02150000,2020-08-28 19:59:35,2150.0,270.8,265.5,275.0,-6.3700256,-2.2982376,70.0,176,31.854736373519895,False,REGULAR,USD
350,TSLA200925C02155000,2020-08-27 19:10:13,2155.0,323.6,256.0,274.3,45.149994,16.214756,1.0,31,31.354858600044253,False,REGULAR,USD
351,TSLA200925C02160000,2020-08-28 19:10:28,2160.0,260.34,254.5,272.0,7.319992,2.8930488,6.0,34,31.178711194152832,False,REGULAR,USD
352,TSLA200925C02165000,2020-08-27 16:31:00,2165.0,324.0,253.8,269.6,58.51001,22.0385,12.0,62,31.038574519195556,False,REGULAR,USD
353,TSLA200925C02170000,2020-08-28 19:26:01,2170.0,255.77,249.5,267.3,-13.2799835,-4.9358797,11.0,12,30.731689849472044,False,REGULAR,USD
354,TSLA200925C02175000,2020-08-28 19:27:13,2175.0,250.0,249.15,265.0,-20.329987,-7.5204334,7.0,12,30.616211369934078,False,REGULAR,USD
355,TSLA200925C02180000,2020-08-28 18:29:30,2180.0,264.75,246.8,262.6,13.369995,5.3186393,3.0,18,30.4030766709137,False,REGULAR,USD
356,TSLA200925C02185000,2020-08-28 19:17:24,2185.0,253.5,242.0,260.5,-7.5,-2.8735633,1.0,11,30.0927740335083,False,REGULAR,USD
357,TSLA200925C02190000,2020-08-28 19:59:32,2190.0,248.0,240.0,258.5,-1.8999939,-0.7603017,95.0,61,29.919678384475706,False,REGULAR,USD
358,TSLA200925C02195000,2020-08-28 19:58:43,2195.0,248.0,237.5,256.0,10.75,4.5310855,16.0,136,29.70300364749908,False,REGULAR,USD
359,TSLA200925C02200000,2020-08-28 19:59:35,2200.0,247.8,242.1,255.0,-2.199997,-0.8799988,226.0,706,29.8770758587265,False,REGULAR,USD
360,TSLA200925C02205000,2020-08-28 19:48:14,2205.0,247.45,233.0,251.6,-9.819992,-3.8169987,126.0,22,29.325562359199523,False,REGULAR,USD
361,TSLA200925C02210000,2020-08-28 19:48:14,2210.0,245.1,233.4,249.4,5.3700104,2.2400243,109.0,36,29.256348513641356,False,REGULAR,USD
362,TSLA200925C02215000,2020-08-28 19:39:44,2215.0,245.75,231.4,247.1,2.25,0.92402464,91.0,20,29.077637631988523,False,REGULAR,USD
363,TSLA200925C02220000,2020-08-28 19:59:27,2220.0,236.35,229.25,245.1,-6.399994,-2.6364548,235.0,51,28.907105458717346,False,REGULAR,USD
364,TSLA200925C02225000,2020-08-28 19:57:28,2225.0,236.49,224.65,243.0,0.7200012,0.30538288,291.0,14,28.62817488182068,False,REGULAR,USD
365,TSLA200925C02230000,2020-08-28 19:57:28,2230.0,234.33,225.4,240.9,-2.2899933,-0.96779364,232.0,33,28.580811615371704,False,REGULAR,USD
366,TSLA200925C02235000,2020-08-28 19:42:05,2235.0,235.85,223.4,238.9,-0.1499939,-0.06355674,210.0,29,28.420777485694884,False,REGULAR,USD
367,TSLA200925C02250000,2020-08-28 19:44:18,2250.0,230.0,220.0,233.5,5.0,2.2222223,190.0,207,28.081177982444757,False,REGULAR,USD
368,TSLA200925C02275000,2020-08-28 19:23:22,2275.0,215.82,204.75,223.5,-4.9299927,-2.2332923,136.0,32,27.09863434417725,False,REGULAR,USD
369,TSLA200925C02300000,2020-08-28 19:51:32,2300.0,206.24,202.0,205.6,-1.0599976,-0.511335,455.0,411,26.333131653709415,False,REGULAR,USD
370,TSLA200925C02325000,2020-08-28 19:54:06,2325.0,195.0,188.0,202.85,-3.699997,-1.8621022,134.0,42,25.73791699596405,False,REGULAR,USD
371,TSLA200925C02350000,2020-08-28 19:59:48,2350.0,186.0,181.4,194.5,-3.7599945,-1.9814475,146.0,256,25.22241422737122,False,REGULAR,USD
372,TSLA200925C02375000,2020-08-28 19:51:25,2375.0,180.15,171.0,186.0,8.299988,4.829786,57.0,10,24.569216189308165,False,REGULAR,USD
373,TSLA200925C02400000,2020-08-28 19:59:49,2400.0,169.5,163.5,178.0,-3.949997,-2.2773118,512.0,327,24.05114994495392,False,REGULAR,USD
374,TSLA200925C02425000,2020-08-28 19:55:41,2425.0,162.6,155.5,169.75,3.7000122,2.3285162,31.0,17,23.512209683685306,False,REGULAR,USD
375,TSLA200925C02450000,2020-08-28 19:53:54,2450.0,157.15,149.0,163.25,6.649994,4.4186006,87.0,87,23.094973485946657,False,REGULAR,USD
376,TSLA200925C02475000,2020-08-28 19:53:17,2475.0,150.43,141.5,156.4,-2.4700012,-1.6154358,35.0,14,22.632327146148675,False,REGULAR,USD
377,TSLA200925C02500000,2020-08-28 19:59:03,2500.0,142.0,135.0,148.0,0.32000732,0.22586629,663.0,453,22.152590967941283,False,REGULAR,USD
378,TSLA200925C02600000,2020-08-28 19:59:37,2600.0,118.24,112.5,126.05,-0.76000214,-0.6386573,139.0,252,20.772464446105957,False,REGULAR,USD
379,TSLA200925C02700000,2020-08-28 19:59:37,2700.0,99.54,96.5,105.1,6.6900024,7.2051725,69.0,260,19.637699175720215,False,REGULAR,USD
380,TSLA200925C02800000,2020-08-28 19:57:59,2800.0,87.0,81.0,89.7,5.75,7.076923,120.0,133,18.683109630279546,False,REGULAR,USD
381,TSLA200925C02900000,2020-08-28 19:58:09,2900.0,74.14,68.5,74.0,4.1399994,5.9142847,107.0,150,17.779179248695378,False,REGULAR,USD
382,TSLA200925C03000000,2020-08-28 19:58:49,3000.0,63.65,61.0,63.0,4.3100014,7.2632313,359.0,437,17.201908921279912,False,REGULAR,USD
383,TSLA200925C03100000,2020-08-28 19:53:23,3100.0,56.45,51.0,59.9,5.9799995,11.848621,94.0,71,16.809330918960573,False,REGULAR,USD
384,TSLA200925C03200000,2020-08-28 19:55:55,3200.0,49.4,46.0,50.0,4.25,9.413067,110.0,63,16.30676759944916,False,REGULAR,USD
385,TSLA200925C03300000,2020-08-28 19:33:54,3300.0,43.7,38.35,44.0,3.2000008,7.9012365,60.0,45,15.81591808380127,False,REGULAR,USD
386,TSLA200925C03400000,2020-08-28 19:58:18,3400.0,39.0,34.0,43.5,4.9000015,14.369507,79.0,54,15.711670102081298,False,REGULAR,USD
387,TSLA200925C03500000,2020-08-28 19:58:27,3500.0,35.0,31.25,35.15,6.049999,20.898096,279.0,300,15.276123499298095,False,REGULAR,USD
388,TSLA200925C03600000,2020-08-28 19:49:02,3600.0,32.0,27.7,36.5,5.75,21.904762,41.0,33,15.278564904022216,False,REGULAR,USD
389,TSLA200925C03700000,2020-08-28 19:40:39,3700.0,30.0,25.3,33.55,5.1000004,20.48193,57.0,22,15.102051342468261,False,REGULAR,USD
390,TSLA200925C03800000,2020-08-28 19:53:23,3800.0,27.3,26.5,30.0,6.5,31.25,122.0,36,15.080322840423584,False,REGULAR,USD
391,TSLA200925C03900000,2020-08-28 19:57:20,3900.0,25.21,20.9,29.9,5.119999,25.48531,105.0,35,14.854004622497559,False,REGULAR,USD
392,TSLA200925C04000000,2020-08-28 19:57:20,4000.0,23.25,22.95,23.5,4.66,25.06724,601.0,307,14.689453944091797,False,REGULAR,USD
